PG,Luka Doncic (16336654),Luka Doncic,16336654,PG/G/UTIL,11100,GS@DAL 02/06/2021 08:30PM ET,DAL,56.38
PF/C,Giannis Antetokounmpo (16336657),Giannis Antetokounmpo,16336657,PF/C/F/UTIL,11000,MIL@CLE 02/06/2021 08:00PM ET,MIL,54.84
PG/SG,James Harden (16336661),James Harden,16336661,PG/SG/G/UTIL,10700,BKN@PHI 02/06/2021 08:00PM ET,BKN,53.83
C,Joel Embiid (16336665),Joel Embiid,16336665,C/UTIL,10500,BKN@PHI 02/06/2021 08:00PM ET,PHI,51.64
PG/SF,LeBron James (16336667),LeBron James,16336667,PG/SF/F/G/UTIL,10300,DET@LAL 02/06/2021 10:00PM ET,LAL,49.56
C,Karl-Anthony Towns (16336672),Karl-Anthony Towns,16336672,C/UTIL,9900,MIN@OKC 02/06/2021 08:00PM ET,MIN,51.5
PF/C,Kevin Durant (16336674),Kevin Durant,16336674,PF/C/F/UTIL,9800,BKN@PHI 02/06/2021 08:00PM ET,BKN,50.97
PG,Stephen Curry (16336678),Stephen Curry,16336678,PG/G/UTIL,9700,GS@DAL 02/06/2021 08:30PM ET,GS,47.89
PF/C,Anthony Davis (16336681),Anthony Davis,16336681,PF/C/F/UTIL,9600,DET@LAL 02/06/2021 10:00PM ET,LAL,44.34
PG,Trae Young (16336685),Trae Young,16336685,PG/G/UTIL,9500,TOR@ATL 02/06/2021 08:00PM ET,ATL,46.91
PG,Kyrie Irving (16336688),Kyrie Irving,16336688,PG/G/UTIL,9400,BKN@PHI 02/06/2021 08:00PM ET,BKN,45.89
C,Nikola Vucevic (16336691),Nikola Vucevic,16336691,C/UTIL,8900,CHI@ORL 02/06/2021 07:00PM ET,ORL,47.71
C,Christian Wood (16336693),Christian Wood,16336693,C/UTIL,8800,SA@HOU 02/06/2021 08:00PM ET,HOU,42.5
SG,Zach LaVine (16336695),Zach LaVine,16336695,SG/G/UTIL,8600,CHI@ORL 02/06/2021 07:00PM ET,CHI,44.33
C,Clint Capela (16336703),Clint Capela,16336703,C/UTIL,8500,TOR@ATL 02/06/2021 08:00PM ET,ATL,39.64
PG/SF,Ben Simmons (16336698),Ben Simmons,16336698,PG/SF/F/G/UTIL,8500,BKN@PHI 02/06/2021 08:00PM ET,PHI,40
PG/SG,Fred VanVleet (16336705),Fred VanVleet,16336705,PG/SG/G/UTIL,8400,TOR@ATL 02/06/2021 08:00PM ET,TOR,40.60
PF/C,Zion Williamson (16336709),Zion Williamson,16336709,PF/C/F/UTIL,8400,MEM@NO 02/06/2021 09:00PM ET,NO,39.31
SF/PF,Brandon Ingram (16336713),Brandon Ingram,16336713,SF/PF/F/UTIL,8300,MEM@NO 02/06/2021 09:00PM ET,NO,40.64
PF/C,Kristaps Porzingis (16336721),Kristaps Porzingis,16336721,PF/C/F/UTIL,8200,GS@DAL 02/06/2021 08:30PM ET,DAL,36.29
PG/SG,Victor Oladipo (16336717),Victor Oladipo,16336717,PG/SG/G/UTIL,8200,SA@HOU 02/06/2021 08:00PM ET,HOU,37.54
PG,Kyle Lowry (16336725),Kyle Lowry,16336725,PG/G/UTIL,8000,TOR@ATL 02/06/2021 08:00PM ET,TOR,39.41
C,Andre Drummond (16336728),Andre Drummond,16336728,C/UTIL,7900,MIL@CLE 02/06/2021 08:00PM ET,CLE,45.34
PF/C,Pascal Siakam (16336730),Pascal Siakam,16336730,PF/C/F/UTIL,7700,TOR@ATL 02/06/2021 08:00PM ET,TOR,39.96
PG,Jrue Holiday (16336734),Jrue Holiday,16336734,PG/G/UTIL,7700,MIL@CLE 02/06/2021 08:00PM ET,MIL,35.35
SF,Khris Middleton (16336740),Khris Middleton,16336740,SF/F/UTIL,7600,MIL@CLE 02/06/2021 08:00PM ET,MIL,39.62
PG,Ja Morant (16336743),Ja Morant,16336743,PG/G/UTIL,7600,MEM@NO 02/06/2021 09:00PM ET,MEM,34.47
PF,Tobias Harris (16336737),Tobias Harris,16336737,PF/F/UTIL,7600,BKN@PHI 02/06/2021 08:00PM ET,PHI,36.81
PG,John Wall (16336746),John Wall,16336746,PG/G/UTIL,7500,SA@HOU 02/06/2021 08:00PM ET,HOU,34.88
PF/C,John Collins (16336749),John Collins,16336749,PF/C/F/UTIL,7400,TOR@ATL 02/06/2021 08:00PM ET,ATL,33.32
PG/SG,Shai Gilgeous-Alexander (16336753),Shai Gilgeous-Alexander,16336753,PG/SG/G/UTIL,7400,MIN@OKC 02/06/2021 08:00PM ET,OKC,40.55
PG/SG,Collin Sexton (16336757),Collin Sexton,16336757,PG/SG/G/UTIL,7300,MIL@CLE 02/06/2021 08:00PM ET,CLE,35.22
SF/PF,DeMar DeRozan (16336761),DeMar DeRozan,16336761,SF/PF/F/UTIL,7200,SA@HOU 02/06/2021 08:00PM ET,SA,38.32
PG/SG,D'Angelo Russell (16336765),D'Angelo Russell,16336765,PG/SG/G/UTIL,7200,MIN@OKC 02/06/2021 08:00PM ET,MIN,34.80
SF/PF,Jerami Grant (16336769),Jerami Grant,16336769,SF/PF/F/UTIL,7100,DET@LAL 02/06/2021 10:00PM ET,DET,39.57
C,Jonas Valanciunas (16336773),Jonas Valanciunas,16336773,C/UTIL,7100,MEM@NO 02/06/2021 09:00PM ET,MEM,33.90
PF/C,Kevin Love (16336775),Kevin Love,16336775,PF/C/F/UTIL,7000,MIL@CLE 02/06/2021 08:00PM ET,CLE,21.75
PF/C,Jaren Jackson Jr. (16336779),Jaren Jackson Jr.,16336779,PF/C/F/UTIL,6900,MEM@NO 02/06/2021 09:00PM ET,MEM,0
SG/SF,Norman Powell (16336783),Norman Powell,16336783,SG/SF/F/G/UTIL,6800,TOR@ATL 02/06/2021 08:00PM ET,TOR,23.21
PF/C,Larry Nance Jr. (16336791),Larry Nance Jr.,16336791,PF/C/F/UTIL,6800,MIL@CLE 02/06/2021 08:00PM ET,CLE,28.44
PG,Dejounte Murray (16336788),Dejounte Murray,16336788,PG/G/UTIL,6800,SA@HOU 02/06/2021 08:00PM ET,SA,34.74
SG,Malik Beasley (16336795),Malik Beasley,16336795,SG/G/UTIL,6700,MIN@OKC 02/06/2021 08:00PM ET,MIN,32.38
PF/C,Lauri Markkanen (16336798),Lauri Markkanen,16336798,PF/C/F/UTIL,6700,CHI@ORL 02/06/2021 07:00PM ET,CHI,30.70
PG/SF,Aaron Gordon (16336802),Aaron Gordon,16336802,PG/SF/F/G/UTIL,6600,CHI@ORL 02/06/2021 07:00PM ET,ORL,32.09
PF/C,Thaddeus Young (16336807),Thaddeus Young,16336807,PF/C/F/UTIL,6600,CHI@ORL 02/06/2021 07:00PM ET,CHI,27.18
SG/SF,Andrew Wiggins (16336811),Andrew Wiggins,16336811,SG/SF/F/G/UTIL,6500,GS@DAL 02/06/2021 08:30PM ET,GS,30.90
C,Al Horford (16336816),Al Horford,16336816,C/UTIL,6500,MIN@OKC 02/06/2021 08:00PM ET,OKC,31.70
SF/PF,OG Anunoby (16336818),OG Anunoby,16336818,SF/PF/F/UTIL,6400,TOR@ATL 02/06/2021 08:00PM ET,TOR,29.93
PG,Darius Garland (16336825),Darius Garland,16336825,PG/G/UTIL,6400,MIL@CLE 02/06/2021 08:00PM ET,CLE,28.9
C,Jarrett Allen (16336828),Jarrett Allen,16336828,C/UTIL,6400,MIL@CLE 02/06/2021 08:00PM ET,CLE,29.98
SG,Evan Fournier (16336822),Evan Fournier,16336822,SG/G/UTIL,6400,CHI@ORL 02/06/2021 07:00PM ET,ORL,29.30
SF/PF,De'Andre Hunter (16336832),De'Andre Hunter,16336832,SF/PF/F/UTIL,6300,TOR@ATL 02/06/2021 08:00PM ET,ATL,30.40
C,DeMarcus Cousins (16336830),DeMarcus Cousins,16336830,C/UTIL,6300,SA@HOU 02/06/2021 08:00PM ET,HOU,24.53
SF/PF,Kelly Oubre Jr. (16336836),Kelly Oubre Jr.,16336836,SF/PF/F/UTIL,6200,GS@DAL 02/06/2021 08:30PM ET,GS,26.10
C,Steven Adams (16336852),Steven Adams,16336852,C/UTIL,6200,MEM@NO 02/06/2021 09:00PM ET,NO,27.76
PG/SG,Coby White (16336840),Coby White,16336840,PG/SG/G/UTIL,6200,CHI@ORL 02/06/2021 07:00PM ET,CHI,30.37
PG/SG,Eric Bledsoe (16336848),Eric Bledsoe,16336848,PG/SG/G/UTIL,6100,MEM@NO 02/06/2021 09:00PM ET,NO,25.61
SF/PF,Darius Bazley (16336844),Darius Bazley,16336844,SF/PF/F/UTIL,6100,MIN@OKC 02/06/2021 08:00PM ET,OKC,25.61
C,Naz Reid (16336885),Naz Reid,16336885,C/UTIL,6100,MIN@OKC 02/06/2021 08:00PM ET,MIN,24.5
PF/C,Draymond Green (16336857),Draymond Green,16336857,PF/C/F/UTIL,6000,GS@DAL 02/06/2021 08:30PM ET,GS,23.90
PG,Lonzo Ball (16336854),Lonzo Ball,16336854,PG/G/UTIL,6000,MEM@NO 02/06/2021 09:00PM ET,NO,29.32
SG/SF,Joe Harris (16336861),Joe Harris,16336861,SG/SF/F/G/UTIL,6000,BKN@PHI 02/06/2021 08:00PM ET,BKN,25.83
PF/C,Brandon Clarke (16336873),Brandon Clarke,16336873,PF/C/F/UTIL,5900,MEM@NO 02/06/2021 09:00PM ET,MEM,26.96
SG/SF,Hamidou Diallo (16336866),Hamidou Diallo,16336866,SG/SF/F/G/UTIL,5900,MIN@OKC 02/06/2021 08:00PM ET,OKC,23.38
C,Jakob Poeltl (16336871),Jakob Poeltl,16336871,C/UTIL,5800,SA@HOU 02/06/2021 08:00PM ET,SA,19.76
PG/SG,Eric Gordon (16336877),Eric Gordon,16336877,PG/SG/G/UTIL,5800,SA@HOU 02/06/2021 08:00PM ET,HOU,26.72
SF/PF,Keldon Johnson (16336881),Keldon Johnson,16336881,SF/PF/F/UTIL,5800,SA@HOU 02/06/2021 08:00PM ET,SA,30.02
SG/SF,Tim Hardaway Jr. (16336895),Tim Hardaway Jr.,16336895,SG/SF/F/G/UTIL,5700,GS@DAL 02/06/2021 08:30PM ET,DAL,27.36
C,Mason Plumlee (16336890),Mason Plumlee,16336890,C/UTIL,5700,DET@LAL 02/06/2021 10:00PM ET,DET,26.84
PF,Anthony Edwards (16336892),Anthony Edwards,16336892,PF/F/UTIL,5700,MIN@OKC 02/06/2021 08:00PM ET,MIN,22.16
PG,Cole Anthony (16336887),Cole Anthony,16336887,PG/G/UTIL,5700,CHI@ORL 02/06/2021 07:00PM ET,ORL,24.39
PF/C,Bobby Portis (16336900),Bobby Portis,16336900,PF/C/F/UTIL,5600,MIL@CLE 02/06/2021 08:00PM ET,MIL,25.77
PG/SG,Dennis Schroder (16336904),Dennis Schroder,16336904,PG/SG/G/UTIL,5600,DET@LAL 02/06/2021 10:00PM ET,LAL,26.28
PG,Delon Wright (16336913),Delon Wright,16336913,PG/G/UTIL,5500,DET@LAL 02/06/2021 10:00PM ET,DET,25.19
SG,Dillon Brooks (16336910),Dillon Brooks,16336910,SG/G/UTIL,5500,MEM@NO 02/06/2021 09:00PM ET,MEM,27.18
SF/PF,Kyle Anderson (16336916),Kyle Anderson,16336916,SF/PF/F/UTIL,5500,MEM@NO 02/06/2021 09:00PM ET,MEM,28.98
C,Wendell Carter Jr. (16336908),Wendell Carter Jr.,16336908,C/UTIL,5500,CHI@ORL 02/06/2021 07:00PM ET,CHI,28.61
PG/SG,Kevin Huerter (16336920),Kevin Huerter,16336920,PG/SG/G/UTIL,5400,TOR@ATL 02/06/2021 08:00PM ET,ATL,25.38
PF/C,LaMarcus Aldridge (16336924),LaMarcus Aldridge,16336924,PF/C/F/UTIL,5400,SA@HOU 02/06/2021 08:00PM ET,SA,25.31
C,Montrezl Harrell (16336932),Montrezl Harrell,16336932,C/UTIL,5300,DET@LAL 02/06/2021 10:00PM ET,LAL,24.75
SF/PF,Kyle Kuzma (16336934),Kyle Kuzma,16336934,SF/PF/F/UTIL,5300,DET@LAL 02/06/2021 10:00PM ET,LAL,20.94
PG/SG,Theo Maledon (16336928),Theo Maledon,16336928,PG/SG/G/UTIL,5300,MIN@OKC 02/06/2021 08:00PM ET,OKC,16.52
SG/SF,Josh Jackson (16336942),Josh Jackson,16336942,SG/SF/F/G/UTIL,5200,DET@LAL 02/06/2021 10:00PM ET,DET,21.75
PG,Ricky Rubio (16336947),Ricky Rubio,16336947,PG/G/UTIL,5200,MIN@OKC 02/06/2021 08:00PM ET,MIN,20.62
PF/C,Jeff Green (16336938),Jeff Green,16336938,PF/C/F/UTIL,5200,BKN@PHI 02/06/2021 08:00PM ET,BKN,18.14
SG/SF,Cam Reddish (16336957),Cam Reddish,16336957,SG/SF/F/G/UTIL,5100,TOR@ATL 02/06/2021 08:00PM ET,ATL,21.36
PF/C,Blake Griffin (16336950),Blake Griffin,16336950,PF/C/F/UTIL,5100,DET@LAL 02/06/2021 10:00PM ET,DET,26.32
PG,Derrick Rose (16336954),Derrick Rose,16336954,PG/G/UTIL,5100,DET@LAL 02/06/2021 10:00PM ET,DET,25.32
C,Brook Lopez (16336962),Brook Lopez,16336962,C/UTIL,5000,MIL@CLE 02/06/2021 08:00PM ET,MIL,22.53
PG/SG,Donte DiVincenzo (16336968),Donte DiVincenzo,16336968,PG/SG/G/UTIL,5000,MIL@CLE 02/06/2021 08:00PM ET,MIL,22.32
SF/PF,Jae'Sean Tate (16336964),Jae'Sean Tate,16336964,SF/PF/F/UTIL,5000,SA@HOU 02/06/2021 08:00PM ET,HOU,20.20
SG/SF,Josh Richardson (16336981),Josh Richardson,16336981,SG/SF/F/G/UTIL,4900,GS@DAL 02/06/2021 08:30PM ET,DAL,21.96
PF/C,Xavier Tillman (16336977),Xavier Tillman,16336977,PF/C/F/UTIL,4900,MEM@NO 02/06/2021 09:00PM ET,MEM,21.58
PG,Tyus Jones (16336986),Tyus Jones,16336986,PG/G/UTIL,4900,MEM@NO 02/06/2021 09:00PM ET,MEM,24.79
SG/SF,Terrence Ross (16336972),Terrence Ross,16336972,SG/SF/F/G/UTIL,4900,CHI@ORL 02/06/2021 07:00PM ET,ORL,23.06
PG/SG,De'Anthony Melton (16336993),De'Anthony Melton,16336993,PG/SG/G/UTIL,4800,MEM@NO 02/06/2021 09:00PM ET,MEM,23.11
PF/C,Jarred Vanderbilt (16336989),Jarred Vanderbilt,16336989,PF/C/F/UTIL,4800,MIN@OKC 02/06/2021 08:00PM ET,MIN,20.75
SF,Trevor Ariza (16337002),Trevor Ariza,16337002,SF/F/UTIL,4800,MIN@OKC 02/06/2021 08:00PM ET,OKC,0
SG/SF,Garrett Temple (16336997),Garrett Temple,16336997,SG/SF/F/G/UTIL,4800,CHI@ORL 02/06/2021 07:00PM ET,CHI,18.39
SF/PF,Taurean Prince (16337007),Taurean Prince,16337007,SF/PF/F/UTIL,4700,MIL@CLE 02/06/2021 08:00PM ET,CLE,19.23
C,James Wiseman (16337005),James Wiseman,16337005,C/UTIL,4700,GS@DAL 02/06/2021 08:30PM ET,GS,23.72
PG/SG,Derrick White (16337011),Derrick White,16337011,PG/SG/G/UTIL,4700,SA@HOU 02/06/2021 08:00PM ET,SA,21.88
SG/SF,Luguentz Dort (16337015),Luguentz Dort,16337015,SG/SF/F/G/UTIL,4700,MIN@OKC 02/06/2021 08:00PM ET,OKC,20.19
SF/PF,Danuel House Jr. (16337027),Danuel House Jr.,16337027,SF/PF/F/UTIL,4600,SA@HOU 02/06/2021 08:00PM ET,HOU,18.32
PG/SG,Nickeil Alexander-Walker (16337020),Nickeil Alexander-Walker,16337020,PG/SG/G/UTIL,4600,MEM@NO 02/06/2021 09:00PM ET,NO,19.70
SF,Josh Hart (16337024),Josh Hart,16337024,SF/F/UTIL,4600,MEM@NO 02/06/2021 09:00PM ET,NO,22.89
SF/PF,Cedi Osman (16337037),Cedi Osman,16337037,SF/PF/F/UTIL,4500,MIL@CLE 02/06/2021 08:00PM ET,CLE,23.65
PG/SG,Jalen Brunson (16337041),Jalen Brunson,16337041,PG/SG/G/UTIL,4500,GS@DAL 02/06/2021 08:30PM ET,DAL,21.17
C,Gorgui Dieng (16337035),Gorgui Dieng,16337035,C/UTIL,4500,MEM@NO 02/06/2021 09:00PM ET,MEM,21.73
SF/PF,Otto Porter Jr. (16337031),Otto Porter Jr.,16337031,SF/PF/F/UTIL,4500,CHI@ORL 02/06/2021 07:00PM ET,CHI,24.53
C,Chris Boucher (16337045),Chris Boucher,16337045,C/UTIL,4400,TOR@ATL 02/06/2021 08:00PM ET,TOR,28.10
SF/PF,Danilo Gallinari (16337051),Danilo Gallinari,16337051,SF/PF/F/UTIL,4400,TOR@ATL 02/06/2021 08:00PM ET,ATL,14.35
SF/PF,Patrick Williams (16337047),Patrick Williams,16337047,SF/PF/F/UTIL,4400,CHI@ORL 02/06/2021 07:00PM ET,CHI,19.25
PG/SG,Shake Milton (16337055),Shake Milton,16337055,PG/SG/G/UTIL,4400,BKN@PHI 02/06/2021 08:00PM ET,PHI,22.59
SG/SF,David Nwaba (16337062),David Nwaba,16337062,SG/SF/F/G/UTIL,4300,SA@HOU 02/06/2021 08:00PM ET,HOU,18.25
PF,Juancho Hernangomez (16337059),Juancho Hernangomez,16337059,PF/F/UTIL,4300,MIN@OKC 02/06/2021 08:00PM ET,MIN,15.68
PG/SF,Michael Carter-Williams (16337069),Michael Carter-Williams,16337069,PG/SF/F/G/UTIL,4300,CHI@ORL 02/06/2021 07:00PM ET,ORL,15.86
PF,Gary Clark (16337077),Gary Clark,16337077,PF/F/UTIL,4300,CHI@ORL 02/06/2021 07:00PM ET,ORL,10.38
C,DeAndre Jordan (16337067),DeAndre Jordan,16337067,C/UTIL,4300,BKN@PHI 02/06/2021 08:00PM ET,BKN,20.28
SG,Seth Curry (16337074),Seth Curry,16337074,SG/G/UTIL,4300,BKN@PHI 02/06/2021 08:00PM ET,PHI,21.09
SF/PF,Juan Toscano-Anderson (16337080),Juan Toscano-Anderson,16337080,SF/PF/F/UTIL,4200,GS@DAL 02/06/2021 08:30PM ET,GS,15.36
PF/C,Eric Paschall (16337088),Eric Paschall,16337088,PF/C/F/UTIL,4200,GS@DAL 02/06/2021 08:30PM ET,GS,16.06
PG/SG,Patty Mills (16337084),Patty Mills,16337084,PG/SG/G/UTIL,4200,SA@HOU 02/06/2021 08:00PM ET,SA,22.47
SG,Wayne Ellington (16337097),Wayne Ellington,16337097,SG/G/UTIL,4200,DET@LAL 02/06/2021 10:00PM ET,DET,18.73
PG/SF,Kenrich Williams (16337092),Kenrich Williams,16337092,PG/SF/F/G/UTIL,4200,MIN@OKC 02/06/2021 08:00PM ET,OKC,11.25
C,Aron Baynes (16337100),Aron Baynes,16337100,C/UTIL,4100,TOR@ATL 02/06/2021 08:00PM ET,TOR,14.79
PG,Rajon Rondo (16337107),Rajon Rondo,16337107,PG/G/UTIL,4100,TOR@ATL 02/06/2021 08:00PM ET,ATL,13.54
SF/PF,Dorian Finney-Smith (16337113),Dorian Finney-Smith,16337113,SF/PF/F/UTIL,4100,GS@DAL 02/06/2021 08:30PM ET,DAL,19.16
PF,Rudy Gay (16337110),Rudy Gay,16337110,PF/F/UTIL,4100,SA@HOU 02/06/2021 08:00PM ET,SA,22.76
SG,Kevin Porter Jr. (16337117),Kevin Porter Jr.,16337117,SG/G/UTIL,4100,SA@HOU 02/06/2021 08:00PM ET,HOU,0
SG/SF,Dwayne Bacon (16337102),Dwayne Bacon,16337102,SG/SF/F/G/UTIL,4100,CHI@ORL 02/06/2021 07:00PM ET,ORL,16.39
PG,Matthew Dellavedova (16337120),Matthew Dellavedova,16337120,PG/G/UTIL,4000,MIL@CLE 02/06/2021 08:00PM ET,CLE,0
PF/C,P.J. Tucker (16337135),P.J. Tucker,16337135,PF/C/F/UTIL,4000,SA@HOU 02/06/2021 08:00PM ET,HOU,16.17
SG/SF,Desmond Bane (16337126),Desmond Bane,16337126,SG/SF/F/G/UTIL,4000,MEM@NO 02/06/2021 09:00PM ET,MEM,17.46
PF/C,Khem Birch (16337131),Khem Birch,16337131,PF/C/F/UTIL,4000,CHI@ORL 02/06/2021 07:00PM ET,ORL,19.39
SG,Denzel Valentine (16337139),Denzel Valentine,16337139,SG/G/UTIL,4000,CHI@ORL 02/06/2021 07:00PM ET,CHI,16.84
SF,Danny Green (16337123),Danny Green,16337123,SF/F/UTIL,4000,BKN@PHI 02/06/2021 08:00PM ET,PHI,21.12
PF/C,Maxi Kleber (16337162),Maxi Kleber,16337162,PF/C/F/UTIL,3900,GS@DAL 02/06/2021 08:30PM ET,DAL,18.62
SG/SF,Lonnie Walker IV (16337145),Lonnie Walker IV,16337145,SG/SF/F/G/UTIL,3900,SA@HOU 02/06/2021 08:00PM ET,SA,19.93
SG/SF,Grayson Allen (16337155),Grayson Allen,16337155,SG/SF/F/G/UTIL,3900,MEM@NO 02/06/2021 09:00PM ET,MEM,17.31
PG,George Hill (16337142),George Hill,16337142,PG/G/UTIL,3900,MIN@OKC 02/06/2021 08:00PM ET,OKC,21.34
PF,Justin Jackson (16337166),Justin Jackson,16337166,PF/F/UTIL,3900,MIN@OKC 02/06/2021 08:00PM ET,OKC,11.02
SG/SF,Furkan Korkmaz (16337150),Furkan Korkmaz,16337150,SG/SF/F/G/UTIL,3900,BKN@PHI 02/06/2021 08:00PM ET,PHI,14.42
C,Dwight Howard (16337160),Dwight Howard,16337160,C/UTIL,3900,BKN@PHI 02/06/2021 08:00PM ET,PHI,18.99
SG/SF,Dylan Windler (16337185),Dylan Windler,16337185,SG/SF/F/G/UTIL,3800,MIL@CLE 02/06/2021 08:00PM ET,CLE,12.2
PG/SG,Damion Lee (16337169),Damion Lee,16337169,PG/SG/G/UTIL,3800,GS@DAL 02/06/2021 08:30PM ET,GS,15.07
SF,Sterling Brown (16337176),Sterling Brown,16337176,SF/F/UTIL,3800,SA@HOU 02/06/2021 08:00PM ET,HOU,17.71
PF/C,Mike Muscala (16337181),Mike Muscala,16337181,PF/C/F/UTIL,3800,MIN@OKC 02/06/2021 08:00PM ET,OKC,16.38
C,Daniel Gafford (16337179),Daniel Gafford,16337179,C/UTIL,3800,CHI@ORL 02/06/2021 07:00PM ET,CHI,12.92
SF/PF,Timothe Luwawu-Cabarrot (16337207),Timothe Luwawu-Cabarrot,16337207,SF/PF/F/UTIL,3800,BKN@PHI 02/06/2021 08:00PM ET,BKN,14.09
SG/SF,DeAndre' Bembry (16337202),DeAndre' Bembry,16337202,SG/SF/F/G/UTIL,3700,TOR@ATL 02/06/2021 08:00PM ET,TOR,8.52
SF,Talen Horton-Tucker (16337173),Talen Horton-Tucker,16337173,SF/F/UTIL,3700,DET@LAL 02/06/2021 10:00PM ET,LAL,15.46
C,Jaxson Hayes (16337194),Jaxson Hayes,16337194,C/UTIL,3700,MEM@NO 02/06/2021 09:00PM ET,NO,11
C,Guillermo Hernangomez (16337200),Guillermo Hernangomez,16337200,C/UTIL,3700,MEM@NO 02/06/2021 09:00PM ET,NO,13.58
PF/C,Isaiah Roby (16337227),Isaiah Roby,16337227,PF/C/F/UTIL,3700,MIN@OKC 02/06/2021 08:00PM ET,OKC,18.78
SF/PF,James Ennis III (16337196),James Ennis III,16337196,SF/PF/F/UTIL,3700,CHI@ORL 02/06/2021 07:00PM ET,ORL,13.86
PG/SG,Tyrese Maxey (16337190),Tyrese Maxey,16337190,PG/SG/G/UTIL,3700,BKN@PHI 02/06/2021 08:00PM ET,PHI,16.53
SG/SF,Isaac Okoro (16337216),Isaac Okoro,16337216,SG/SF/F/G/UTIL,3600,MIL@CLE 02/06/2021 08:00PM ET,CLE,16.92
PG/SG,Bryn Forbes (16337221),Bryn Forbes,16337221,PG/SG/G/UTIL,3600,MIL@CLE 02/06/2021 08:00PM ET,MIL,11.42
SG/SF,Kent Bazemore (16337211),Kent Bazemore,16337211,SG/SF/F/G/UTIL,3600,GS@DAL 02/06/2021 08:30PM ET,GS,14.29
SG/SF,Kentavious Caldwell-Pope (16337231),Kentavious Caldwell-Pope,16337231,SG/SF/F/G/UTIL,3600,DET@LAL 02/06/2021 10:00PM ET,LAL,16.53
PF,Jaden McDaniels (16337267),Jaden McDaniels,16337267,PF/F/UTIL,3600,MIN@OKC 02/06/2021 08:00PM ET,MIN,12.28
PF/C,Chuma Okeke (16337236),Chuma Okeke,16337236,PF/C/F/UTIL,3600,CHI@ORL 02/06/2021 07:00PM ET,ORL,11.36
SG,Kris Dunn (16337247),Kris Dunn,16337247,SG/G/UTIL,3500,TOR@ATL 02/06/2021 08:00PM ET,ATL,0
PF,Stanley Johnson (16337261),Stanley Johnson,16337261,PF/F/UTIL,3500,TOR@ATL 02/06/2021 08:00PM ET,TOR,11.25
SG,Tony Snell (16337264),Tony Snell,16337264,SG/G/UTIL,3500,TOR@ATL 02/06/2021 08:00PM ET,ATL,6.18
SF/PF,Solomon Hill (16337286),Solomon Hill,16337286,SF/PF/F/UTIL,3500,TOR@ATL 02/06/2021 08:00PM ET,ATL,11.01
C,Willie Cauley-Stein (16337240),Willie Cauley-Stein,16337240,C/UTIL,3500,GS@DAL 02/06/2021 08:30PM ET,DAL,14.59
PG,Brad Wanamaker (16337258),Brad Wanamaker,16337258,PG/G/UTIL,3500,GS@DAL 02/06/2021 08:30PM ET,GS,12.74
C,Ed Davis (16337225),Ed Davis,16337225,C/UTIL,3500,MIN@OKC 02/06/2021 08:00PM ET,MIN,13.03
SF,Jarrett Culver (16337253),Jarrett Culver,16337253,SF/F/UTIL,3500,MIN@OKC 02/06/2021 08:00PM ET,MIN,17.59
SG/SF,Bruce Brown (16337242),Bruce Brown,16337242,SG/SF/F/G/UTIL,3500,BKN@PHI 02/06/2021 08:00PM ET,BKN,14.58
SF/PF,Yuta Watanabe (16337270),Yuta Watanabe,16337270,SF/PF/F/UTIL,3400,TOR@ATL 02/06/2021 08:00PM ET,TOR,10.47
PG/SG,Terence Davis (16337274),Terence Davis,16337274,PG/SG/G/UTIL,3400,TOR@ATL 02/06/2021 08:00PM ET,TOR,12.42
PG/SG,Brandon Goodwin (16337290),Brandon Goodwin,16337290,PG/SG/G/UTIL,3400,TOR@ATL 02/06/2021 08:00PM ET,ATL,9.33
SF,Pat Connaughton (16337250),Pat Connaughton,16337250,SF/F/UTIL,3400,MIL@CLE 02/06/2021 08:00PM ET,MIL,15.40
C,Kevon Looney (16337256),Kevon Looney,16337256,C/UTIL,3400,GS@DAL 02/06/2021 08:30PM ET,GS,12.44
PF,James Johnson (16337298),James Johnson,16337298,PF/F/UTIL,3400,GS@DAL 02/06/2021 08:30PM ET,DAL,15.82
C,Marc Gasol (16337278),Marc Gasol,16337278,C/UTIL,3400,DET@LAL 02/06/2021 10:00PM ET,LAL,15.27
SG,Jaylen Nowell (16337280),Jaylen Nowell,16337280,SG/G/UTIL,3400,MIN@OKC 02/06/2021 08:00PM ET,MIN,14.84
SF,Josh Okogie (16337283),Josh Okogie,16337283,SF/F/UTIL,3400,MIN@OKC 02/06/2021 08:00PM ET,MIN,13.19
SG/SF,Torrey Craig (16337313),Torrey Craig,16337313,SG/SF/F/G/UTIL,3300,MIL@CLE 02/06/2021 08:00PM ET,MIL,9.36
C,Dwight Powell (16337322),Dwight Powell,16337322,C/UTIL,3300,GS@DAL 02/06/2021 08:30PM ET,DAL,13.42
SG/SF,Devin Vassell (16337308),Devin Vassell,16337308,SG/SF/F/G/UTIL,3300,SA@HOU 02/06/2021 08:00PM ET,SA,14.56
PG/SG,Alex Caruso (16337294),Alex Caruso,16337294,PG/SG/G/UTIL,3300,DET@LAL 02/06/2021 10:00PM ET,LAL,13.61
C,Isaiah Stewart (16337306),Isaiah Stewart,16337306,C/UTIL,3300,DET@LAL 02/06/2021 10:00PM ET,DET,15.66
SF/PF,Saddiq Bey (16337318),Saddiq Bey,16337318,SF/PF/F/UTIL,3300,DET@LAL 02/06/2021 10:00PM ET,DET,13.98
PG/SF,John Konchar (16337301),John Konchar,16337301,PG/SF/F/G/UTIL,3300,MEM@NO 02/06/2021 09:00PM ET,MEM,17.3
SF/PF,Jake Layman (16337336),Jake Layman,16337336,SF/PF/F/UTIL,3300,MIN@OKC 02/06/2021 08:00PM ET,MIN,11.04
SG,Landry Shamet (16337333),Landry Shamet,16337333,SG/G/UTIL,3300,BKN@PHI 02/06/2021 08:00PM ET,BKN,10.95
SG/SF,Bogdan Bogdanovic (16337324),Bogdan Bogdanovic,16337324,SG/SF/F/G/UTIL,3200,TOR@ATL 02/06/2021 08:00PM ET,ATL,19.44
PG/SG,Damyean Dotson (16337340),Damyean Dotson,16337340,PG/SG/G/UTIL,3200,MIL@CLE 02/06/2021 08:00PM ET,CLE,14.99
SF,Lamar Stevens (16337351),Lamar Stevens,16337351,SF/F/UTIL,3200,MIL@CLE 02/06/2021 08:00PM ET,CLE,9.69
PG/SG,Trey Burke (16337329),Trey Burke,16337329,PG/SG/G/UTIL,3200,GS@DAL 02/06/2021 08:30PM ET,DAL,15.54
C,Drew Eubanks (16337344),Drew Eubanks,16337344,C/UTIL,3200,SA@HOU 02/06/2021 08:00PM ET,SA,10.04
PF/C,Trey Lyles (16337354),Trey Lyles,16337354,PF/C/F/UTIL,3200,SA@HOU 02/06/2021 08:00PM ET,SA,7.58
PF,Sekou Doumbouya (16337388),Sekou Doumbouya,16337388,PF/F/UTIL,3200,DET@LAL 02/06/2021 10:00PM ET,DET,8.82
SG/SF,JJ Redick (16337346),JJ Redick,16337346,SG/SF/F/G/UTIL,3200,MEM@NO 02/06/2021 09:00PM ET,NO,13.10
PG,D.J. Augustin (16337365),D.J. Augustin,16337365,PG/G/UTIL,3100,MIL@CLE 02/06/2021 08:00PM ET,MIL,12.76
SG,Mychal Mulder (16337374),Mychal Mulder,16337374,SG/G/UTIL,3100,GS@DAL 02/06/2021 08:30PM ET,GS,6.84
C,Boban Marjanovic (16337381),Boban Marjanovic,16337381,C/UTIL,3100,GS@DAL 02/06/2021 08:30PM ET,DAL,8.6
SG,Ben McLemore (16337371),Ben McLemore,16337371,SG/G/UTIL,3100,SA@HOU 02/06/2021 08:00PM ET,HOU,12.41
SG/SF,Rodney McGruder (16337383),Rodney McGruder,16337383,SG/SF/F/G/UTIL,3100,DET@LAL 02/06/2021 10:00PM ET,DET,5.83
PF,Kostas Antetokounmpo (16337541),Kostas Antetokounmpo,16337541,PF/F/UTIL,3100,DET@LAL 02/06/2021 10:00PM ET,LAL,8
SF/PF,Darius Miller (16337377),Darius Miller,16337377,SF/PF/F/UTIL,3100,MIN@OKC 02/06/2021 08:00PM ET,OKC,6.8
C,Cristiano Felicio (16337360),Cristiano Felicio,16337360,C/UTIL,3100,CHI@ORL 02/06/2021 07:00PM ET,CHI,8.5
PG,Tomas Satoransky (16337368),Tomas Satoransky,16337368,PG/G/UTIL,3100,CHI@ORL 02/06/2021 07:00PM ET,CHI,14.78
C,Tony Bradley (16337358),Tony Bradley,16337358,C/UTIL,3100,BKN@PHI 02/06/2021 08:00PM ET,PHI,14.39
SF,Matisse Thybulle (16337362),Matisse Thybulle,16337362,SF/F/UTIL,3100,BKN@PHI 02/06/2021 08:00PM ET,PHI,10.39
SG/SF,Iman Shumpert (16337391),Iman Shumpert,16337391,SG/SF/F/G/UTIL,3100,BKN@PHI 02/06/2021 08:00PM ET,BKN,0
PG/SG,Skylar Mays (16337419),Skylar Mays,16337419,PG/SG/G/UTIL,3000,TOR@ATL 02/06/2021 08:00PM ET,ATL,1.2
C,Bruno Fernando (16337426),Bruno Fernando,16337426,C/UTIL,3000,TOR@ATL 02/06/2021 08:00PM ET,ATL,7.21
C,Onyeka Okongwu (16337428),Onyeka Okongwu,16337428,C/UTIL,3000,TOR@ATL 02/06/2021 08:00PM ET,ATL,11.6
PF/C,Nathan Knight (16337430),Nathan Knight,16337430,PF/C/F/UTIL,3000,TOR@ATL 02/06/2021 08:00PM ET,ATL,5.75
SG,Matt Thomas (16337555),Matt Thomas,16337555,SG/G/UTIL,3000,TOR@ATL 02/06/2021 08:00PM ET,TOR,5.25
PG,Patrick McCaw (16337561),Patrick McCaw,16337561,PG/G/UTIL,3000,TOR@ATL 02/06/2021 08:00PM ET,TOR,0
PG,Malachi Flynn (16337564),Malachi Flynn,16337564,PG/G/UTIL,3000,TOR@ATL 02/06/2021 08:00PM ET,TOR,5.60
SG,Jalen Harris (16337567),Jalen Harris,16337567,SG/G/UTIL,3000,TOR@ATL 02/06/2021 08:00PM ET,TOR,0.38
SG/SF,Paul Watson (16337590),Paul Watson,16337590,SG/SF/F/G/UTIL,3000,TOR@ATL 02/06/2021 08:00PM ET,TOR,3.6
C,JaVale McGee (16337398),JaVale McGee,16337398,C/UTIL,3000,MIL@CLE 02/06/2021 08:00PM ET,CLE,19.88
C,Marques Bolden (16337434),Marques Bolden,16337434,C/UTIL,3000,MIL@CLE 02/06/2021 08:00PM ET,CLE,3.58
PF,Dean Wade (16337442),Dean Wade,16337442,PF/F/UTIL,3000,MIL@CLE 02/06/2021 08:00PM ET,CLE,4.43
PF,Thanasis Antetokounmpo (16337574),Thanasis Antetokounmpo,16337574,PF/F/UTIL,3000,MIL@CLE 02/06/2021 08:00PM ET,MIL,7.25
PG,Jaylen Adams (16337577),Jaylen Adams,16337577,PG/G/UTIL,3000,MIL@CLE 02/06/2021 08:00PM ET,MIL,1.42
PF/C,D.J. Wilson (16337580),D.J. Wilson,16337580,PF/C/F/UTIL,3000,MIL@CLE 02/06/2021 08:00PM ET,MIL,8.5
SG,Sam Merrill (16337584),Sam Merrill,16337584,SG/G/UTIL,3000,MIL@CLE 02/06/2021 08:00PM ET,MIL,4.89
PF,Mamadi Diakite (16337587),Mamadi Diakite,16337587,PF/F/UTIL,3000,MIL@CLE 02/06/2021 08:00PM ET,MIL,0
SF/PF,Jordan Nwora (16337601),Jordan Nwora,16337601,SF/PF/F/UTIL,3000,MIL@CLE 02/06/2021 08:00PM ET,MIL,8.08
SG,Nate Hinton (16337490),Nate Hinton,16337490,SG/G/UTIL,3000,GS@DAL 02/06/2021 08:30PM ET,DAL,1.92
PG,Tyrell Terry (16337493),Tyrell Terry,16337493,PG/G/UTIL,3000,GS@DAL 02/06/2021 08:30PM ET,DAL,3.32
PF,Tyler Bey (16337496),Tyler Bey,16337496,PF/F/UTIL,3000,GS@DAL 02/06/2021 08:30PM ET,DAL,2.94
SF,Wes Iwundu (16337499),Wes Iwundu,16337499,SF/F/UTIL,3000,GS@DAL 02/06/2021 08:30PM ET,DAL,6.77
SF/PF,Josh Green (16337510),Josh Green,16337510,SF/PF/F/UTIL,3000,GS@DAL 02/06/2021 08:30PM ET,DAL,6.54
SF,Klay Thompson (16337629),Klay Thompson,16337629,SF/F/UTIL,3000,GS@DAL 02/06/2021 08:30PM ET,GS,0
C,Marquese Chriss (16337632),Marquese Chriss,16337632,C/UTIL,3000,GS@DAL 02/06/2021 08:30PM ET,GS,17.88
PG/SF,Jordan Poole (16337634),Jordan Poole,16337634,PG/SF/F/G/UTIL,3000,GS@DAL 02/06/2021 08:30PM ET,GS,9.17
PG,Nico Mannion (16337643),Nico Mannion,16337643,PG/G/UTIL,3000,GS@DAL 02/06/2021 08:30PM ET,GS,6.83
PF/C,Alen Smailagic (16337659),Alen Smailagic,16337659,PF/C/F/UTIL,3000,GS@DAL 02/06/2021 08:30PM ET,GS,0
PG,Dante Exum (16337436),Dante Exum,16337436,PG/G/UTIL,3000,SA@HOU 02/06/2021 08:00PM ET,HOU,12.21
PG,Chris Clemons (16337439),Chris Clemons,16337439,PG/G/UTIL,3000,SA@HOU 02/06/2021 08:00PM ET,HOU,0
SG,Mason Jones (16337445),Mason Jones,16337445,SG/G/UTIL,3000,SA@HOU 02/06/2021 08:00PM ET,HOU,11.98
SG,Brodric Thomas (16337448),Brodric Thomas,16337448,SG/G/UTIL,3000,SA@HOU 02/06/2021 08:00PM ET,HOU,5.88
PF,Rodions Kurucs (16337451),Rodions Kurucs,16337451,PF/F/UTIL,3000,SA@HOU 02/06/2021 08:00PM ET,HOU,3.52
PF,KJ Martin Jr. (16337467),KJ Martin Jr.,16337467,PF/F/UTIL,3000,SA@HOU 02/06/2021 08:00PM ET,HOU,9.25
SG,Quinndary Weatherspoon (16337595),Quinndary Weatherspoon,16337595,SG/G/UTIL,3000,SA@HOU 02/06/2021 08:00PM ET,SA,2.58
PG,Tre Jones (16337598),Tre Jones,16337598,PG/G/UTIL,3000,SA@HOU 02/06/2021 08:00PM ET,SA,2.67
SF/PF,Keita Bates-Diop (16337611),Keita Bates-Diop,16337611,SF/PF/F/UTIL,3000,SA@HOU 02/06/2021 08:00PM ET,SA,1.04
PF,Luka Samanic (16337626),Luka Samanic,16337626,PF/F/UTIL,3000,SA@HOU 02/06/2021 08:00PM ET,SA,2
SG,Wesley Matthews (16337517),Wesley Matthews,16337517,SG/G/UTIL,3000,DET@LAL 02/06/2021 10:00PM ET,LAL,9.21
PF/C,Markieff Morris (16337524),Markieff Morris,16337524,PF/C/F/UTIL,3000,DET@LAL 02/06/2021 10:00PM ET,LAL,10.83
PG,Quinn Cook (16337528),Quinn Cook,16337528,PG/G/UTIL,3000,DET@LAL 02/06/2021 10:00PM ET,LAL,2.92
SF/PF,Jared Dudley (16337531),Jared Dudley,16337531,SF/PF/F/UTIL,3000,DET@LAL 02/06/2021 10:00PM ET,LAL,2.08
PF,Devontae Cacok (16337535),Devontae Cacok,16337535,PF/F/UTIL,3000,DET@LAL 02/06/2021 10:00PM ET,LAL,2
SF/PF,Alfonzo McKinnie (16337544),Alfonzo McKinnie,16337544,SF/PF/F/UTIL,3000,DET@LAL 02/06/2021 10:00PM ET,LAL,3.06
C,Jahlil Okafor (16337666),Jahlil Okafor,16337666,C/UTIL,3000,DET@LAL 02/06/2021 10:00PM ET,DET,7.94
SG,Svi Mykhailiuk (16337668),Svi Mykhailiuk,16337668,SG/G/UTIL,3000,DET@LAL 02/06/2021 10:00PM ET,DET,11.64
PG,Frank Jackson (16337671),Frank Jackson,16337671,PG/G/UTIL,3000,DET@LAL 02/06/2021 10:00PM ET,DET,4.39
PG,Saben Lee (16337674),Saben Lee,16337674,PG/G/UTIL,3000,DET@LAL 02/06/2021 10:00PM ET,DET,5.71
SG,Deividas Sirvydis (16337681),Deividas Sirvydis,16337681,SG/G/UTIL,3000,DET@LAL 02/06/2021 10:00PM ET,DET,0
PG,Killian Hayes (16337684),Killian Hayes,16337684,PG/G/UTIL,3000,DET@LAL 02/06/2021 10:00PM ET,DET,11.07
C,Will Magnay (16337396),Will Magnay,16337396,C/UTIL,3000,MEM@NO 02/06/2021 09:00PM ET,NO,0
SF/PF,Naji Marshall (16337404),Naji Marshall,16337404,SF/PF/F/UTIL,3000,MEM@NO 02/06/2021 09:00PM ET,NO,1.67
SG/SF,Sindarius Thornwell (16337502),Sindarius Thornwell,16337502,SG/SF/F/G/UTIL,3000,MEM@NO 02/06/2021 09:00PM ET,NO,3.16
PG,Kira Lewis Jr. (16337507),Kira Lewis Jr.,16337507,PG/G/UTIL,3000,MEM@NO 02/06/2021 09:00PM ET,NO,6.92
PF,Nicolo Melli (16337514),Nicolo Melli,16337514,PF/F/UTIL,3000,MEM@NO 02/06/2021 09:00PM ET,NO,7.23
SF/PF,Wenyen Gabriel (16337520),Wenyen Gabriel,16337520,SF/PF/F/UTIL,3000,MEM@NO 02/06/2021 09:00PM ET,NO,2.62
PG,Tim Frazier (16337646),Tim Frazier,16337646,PG/G/UTIL,3000,MEM@NO 02/06/2021 09:00PM ET,MEM,6.67
PG/SF,Justise Winslow (16337649),Justise Winslow,16337649,PG/SF/F/G/UTIL,3000,MEM@NO 02/06/2021 09:00PM ET,MEM,0
SG/SF,Sean McDermott (16337654),Sean McDermott,16337654,SG/SF/F/G/UTIL,3000,MEM@NO 02/06/2021 09:00PM ET,MEM,4.75
PF,Killian Tillie (16337663),Killian Tillie,16337663,PF/F/UTIL,3000,MEM@NO 02/06/2021 09:00PM ET,MEM,0
PF/C,Jontay Porter (16337677),Jontay Porter,16337677,PF/C/F/UTIL,3000,MEM@NO 02/06/2021 09:00PM ET,MEM,0
PG/SG,Ty Jerome (16337454),Ty Jerome,16337454,PG/SG/G/UTIL,3000,MIN@OKC 02/06/2021 08:00PM ET,OKC,0
C,Moses Brown (16337458),Moses Brown,16337458,C/UTIL,3000,MIN@OKC 02/06/2021 08:00PM ET,OKC,7.68
SF,Aleksej Pokusevski (16337464),Aleksej Pokusevski,16337464,SF/F/UTIL,3000,MIN@OKC 02/06/2021 08:00PM ET,OKC,12.38
SF,Josh Hall (16337470),Josh Hall,16337470,SF/F/UTIL,3000,MIN@OKC 02/06/2021 08:00PM ET,OKC,4.61
PG,Jordan McLaughlin (16337605),Jordan McLaughlin,16337605,PG/G/UTIL,3000,MIN@OKC 02/06/2021 08:00PM ET,MIN,15.36
PG,Ashton Hagans (16337608),Ashton Hagans,16337608,PG/G/UTIL,3000,MIN@OKC 02/06/2021 08:00PM ET,MIN,-0.25
PG,Frank Mason III (16337408),Frank Mason III,16337408,PG/G/UTIL,3000,CHI@ORL 02/06/2021 07:00PM ET,ORL,10.75
PG,Markelle Fultz (16337411),Markelle Fultz,16337411,PG/G/UTIL,3000,CHI@ORL 02/06/2021 07:00PM ET,ORL,26.66
C,Mo Bamba (16337414),Mo Bamba,16337414,C/UTIL,3000,CHI@ORL 02/06/2021 07:00PM ET,ORL,8.78
PG,Karim Mane (16337416),Karim Mane,16337416,PG/G/UTIL,3000,CHI@ORL 02/06/2021 07:00PM ET,ORL,3.67
PF,Jonathan Isaac (16337423),Jonathan Isaac,16337423,PF/F/UTIL,3000,CHI@ORL 02/06/2021 07:00PM ET,ORL,0
SF/PF,Al-Farouq Aminu (16337460),Al-Farouq Aminu,16337460,SF/PF/F/UTIL,3000,CHI@ORL 02/06/2021 07:00PM ET,ORL,0
PG,Ryan Arcidiacono (16337538),Ryan Arcidiacono,16337538,PG/G/UTIL,3000,CHI@ORL 02/06/2021 07:00PM ET,CHI,13
PG,Devon Dotson (16337548),Devon Dotson,16337548,PG/G/UTIL,3000,CHI@ORL 02/06/2021 07:00PM ET,CHI,5.25
PG/SG,Adam Mokoka (16337551),Adam Mokoka,16337551,PG/SG/G/UTIL,3000,CHI@ORL 02/06/2021 07:00PM ET,CHI,4.58
SF,Chandler Hutchison (16337558),Chandler Hutchison,16337558,SF/F/UTIL,3000,CHI@ORL 02/06/2021 07:00PM ET,CHI,6.29
PF/C,Luke Kornet (16337570),Luke Kornet,16337570,PF/C/F/UTIL,3000,CHI@ORL 02/06/2021 07:00PM ET,CHI,4.75
PF/C,Reggie Perry (16337400),Reggie Perry,16337400,PF/C/F/UTIL,3000,BKN@PHI 02/06/2021 08:00PM ET,BKN,10.20
SF,Rayjon Tucker (16337473),Rayjon Tucker,16337473,SF/F/UTIL,3000,BKN@PHI 02/06/2021 08:00PM ET,PHI,0
PF,Mike Scott (16337476),Mike Scott,16337476,PF/F/UTIL,3000,BKN@PHI 02/06/2021 08:00PM ET,PHI,9.88
SG,Isaiah Joe (16337479),Isaiah Joe,16337479,SG/G/UTIL,3000,BKN@PHI 02/06/2021 08:00PM ET,PHI,11.58
C,Vincent Poirier (16337482),Vincent Poirier,16337482,C/UTIL,3000,BKN@PHI 02/06/2021 08:00PM ET,PHI,3.5
SF,Terrance Ferguson (16337484),Terrance Ferguson,16337484,SF/F/UTIL,3000,BKN@PHI 02/06/2021 08:00PM ET,PHI,0.62
PF,Paul Reed (16337487),Paul Reed,16337487,PF/F/UTIL,3000,BKN@PHI 02/06/2021 08:00PM ET,PHI,8.5
PG,Tyler Johnson (16337615),Tyler Johnson,16337615,PG/G/UTIL,3000,BKN@PHI 02/06/2021 08:00PM ET,BKN,4.82
SG,Spencer Dinwiddie (16337618),Spencer Dinwiddie,16337618,SG/G/UTIL,3000,BKN@PHI 02/06/2021 08:00PM ET,BKN,18.08
C,Norvel Pelle (16337621),Norvel Pelle,16337621,C/UTIL,3000,BKN@PHI 02/06/2021 08:00PM ET,BKN,0
PG,Chris Chiozza (16337623),Chris Chiozza,16337623,PG/G/UTIL,3000,BKN@PHI 02/06/2021 08:00PM ET,BKN,10.69
PF/C,Nicolas Claxton (16337639),Nicolas Claxton,16337639,PF/C/F/UTIL,3000,BKN@PHI 02/06/2021 08:00PM ET,BKN,0